fastq_name	fastq_group	tags\primers	replicate_name	PCR/sequencing_group	sample_name	origin
S1	1	>COI_3A;^AGACGCGGWACWGGWTGAACWGTWTAYCCYCC...TGRTTYTTYGGNCAYCCNGARGTNTAGCGTCT$	COI_3A	1	COI_3	This paper; original unpublished data
S1	1	>COI_4B;^ACTAGCGGWACWGGWTGAACWGTWTAYCCYCC...TGRTTYTTYGGNCAYCCNGARGTNTAGCTAGT$	COI_4B	1	COI_4	This paper; original unpublished data
S2	1	>COI_3T;^AGACGCGGWACWGGWTGAACWGTWTAYCCYCC...TGRTTYTTYGGNCAYCCNGARGTNTAGCGTCT$	COI_3T	2	COI_3	This paper; original unpublished data
S2	1	>COI_3B;^AGTGTAGGWACWGGWTGAACWGTWTAYCCYCC...TGRTTYTTYGGNCAYCCNGARGTNTATACACT$	COI_3B	2	COI_3	This paper; original unpublished data
S2	1	>COI_4T;^ACTAGCGGWACWGGWTGAACWGTWTAYCCYCC...TGRTTYTTYGGNCAYCCNGARGTNTAGCTAGT$	COI_4T	2	COI_4	This paper; original unpublished data
S2	1	>COI_5A;^ACAGTCGGWACWGGWTGAACWGTWTAYCCYCC...TGRTTYTTYGGNCAYCCNGARGTNTAGACTGT$	COI_5A	2	COI_5	This paper; original unpublished data
S2	1	>COI_5T;^ATCGACGGWACWGGWTGAACWGTWTAYCCYCC...TGRTTYTTYGGNCAYCCNGARGTNTAGTCGAT$	COI_5T	2	COI_5	This paper; original unpublished data
S3	1	>COI_4A;^AGTGTAGGWACWGGWTGAACWGTWTAYCCYCC...TGRTTYTTYGGNCAYCCNGARGTNTATACACT$	COI_4A	3	COI_4	This paper; original unpublished data
S3	1	>COI_8B;^ACTAGCGGWACWGGWTGAACWGTWTAYCCYCC...TGRTTYTTYGGNCAYCCNGARGTNTAGCTAGT$	COI_8B	3	COI_8	This paper; original unpublished data
S3	1	>COI_5B;^ACAGTCGGWACWGGWTGAACWGTWTAYCCYCC...TGRTTYTTYGGNCAYCCNGARGTNTAGACTGT$	COI_5B	3	COI_5	This paper; original unpublished data
S3	1	>COI_7A;^ATCGACGGWACWGGWTGAACWGTWTAYCCYCC...TGRTTYTTYGGNCAYCCNGARGTNTAGTCGAT$	COI_7A	3	COI_7	This paper; original unpublished data
S3	1	>COI_7T;^ATGTCGGGWACWGGWTGAACWGTWTAYCCYCC...TGRTTYTTYGGNCAYCCNGARGTNTACGACAT$	COI_7T	3	COI_7	This paper; original unpublished data
S4	1	>COI_8A;^AGACGCGGWACWGGWTGAACWGTWTAYCCYCC...TGRTTYTTYGGNCAYCCNGARGTNTAGCGTCT$	COI_8A	4	COI_8	This paper; original unpublished data
S4	1	>COI_7B;^AGTGTAGGWACWGGWTGAACWGTWTAYCCYCC...TGRTTYTTYGGNCAYCCNGARGTNTATACACT$	COI_7B	4	COI_7	This paper; original unpublished data
S4	1	>COI_9A;^ACTAGCGGWACWGGWTGAACWGTWTAYCCYCC...TGRTTYTTYGGNCAYCCNGARGTNTAGCTAGT$	COI_9A	4	COI_9	This paper; original unpublished data
S4	1	>COI_8T;^ACAGTCGGWACWGGWTGAACWGTWTAYCCYCC...TGRTTYTTYGGNCAYCCNGARGTNTAGACTGT$	COI_8T	4	COI_8	This paper; original unpublished data
S4	1	>COI_9B;^ATCGACGGWACWGGWTGAACWGTWTAYCCYCC...TGRTTYTTYGGNCAYCCNGARGTNTAGTCGAT$	COI_9B	4	COI_9	This paper; original unpublished data
S4	1	>COI_9T;^ATGTCGGGWACWGGWTGAACWGTWTAYCCYCC...TGRTTYTTYGGNCAYCCNGARGTNTACGACAT$	COI_9T	4	COI_9	This paper; original unpublished data
IA1	2	>TNB_IA1;^GGWACWGGWTGAACWGTWTAYCCYCC...TGRTTYTTYGGNCAYCCNGARGTNTA$	TNB_IA1	5	TNB_IA	This paper; original unpublished data
IA2	2	>TNB_IA2;^GGWACWGGWTGAACWGTWTAYCCYCC...TGRTTYTTYGGNCAYCCNGARGTNTA$	TNB_IA2	5	TNB_IA	This paper; original unpublished data
IA3	2	>TNB_IA3;^GGWACWGGWTGAACWGTWTAYCCYCC...TGRTTYTTYGGNCAYCCNGARGTNTA$	TNB_IA3	5	TNB_IA	This paper; original unpublished data
IB1	2	>TNB_IB1;^GGWACWGGWTGAACWGTWTAYCCYCC...TGRTTYTTYGGNCAYCCNGARGTNTA$	TNB_IB1	5	TNB_IB	This paper; original unpublished data
IB2	2	>TNB_IB2;^GGWACWGGWTGAACWGTWTAYCCYCC...TGRTTYTTYGGNCAYCCNGARGTNTA$	TNB_IB2	5	TNB_IB	This paper; original unpublished data
IB3	2	>TNB_IB3;^GGWACWGGWTGAACWGTWTAYCCYCC...TGRTTYTTYGGNCAYCCNGARGTNTA$	TNB_IB3	5	TNB_IB	This paper; original unpublished data
IIA1	2	>TNB_IIA1;^GGWACWGGWTGAACWGTWTAYCCYCC...TGRTTYTTYGGNCAYCCNGARGTNTA$	TNB_IIA1	5	TNB_IIA	This paper; original unpublished data
IIA2	2	>TNB_IIA2;^GGWACWGGWTGAACWGTWTAYCCYCC...TGRTTYTTYGGNCAYCCNGARGTNTA$	TNB_IIA2	5	TNB_IIA	This paper; original unpublished data
IIA3	2	>TNB_IIA3;^GGWACWGGWTGAACWGTWTAYCCYCC...TGRTTYTTYGGNCAYCCNGARGTNTA$	TNB_IIA3	5	TNB_IIA	This paper; original unpublished data
IIB1	2	>TNB_IIB1;^GGWACWGGWTGAACWGTWTAYCCYCC...TGRTTYTTYGGNCAYCCNGARGTNTA$	TNB_IIB1	5	TNB_IIB	This paper; original unpublished data
IIB2	2	>TNB_IIB2;^GGWACWGGWTGAACWGTWTAYCCYCC...TGRTTYTTYGGNCAYCCNGARGTNTA$	TNB_IIB2	5	TNB_IIB	This paper; original unpublished data
IIB3	2	>TNB_IIB3;^GGWACWGGWTGAACWGTWTAYCCYCC...TGRTTYTTYGGNCAYCCNGARGTNTA$	TNB_IIB3	5	TNB_IIB	This paper; original unpublished data
IIIA1	2	>TNB_IIIA1;^GGWACWGGWTGAACWGTWTAYCCYCC...TGRTTYTTYGGNCAYCCNGARGTNTA$	TNB_IIIA1	5	TNB_IIIA	This paper; original unpublished data
IIIA2	2	>TNB_IIIA2;^GGWACWGGWTGAACWGTWTAYCCYCC...TGRTTYTTYGGNCAYCCNGARGTNTA$	TNB_IIIA2	5	TNB_IIIA	This paper; original unpublished data
IIIA3	2	>TNB_IIIA3;^GGWACWGGWTGAACWGTWTAYCCYCC...TGRTTYTTYGGNCAYCCNGARGTNTA$	TNB_IIIA3	5	TNB_IIIA	This paper; original unpublished data
IIIB1	2	>TNB_IIIB1;^GGWACWGGWTGAACWGTWTAYCCYCC...TGRTTYTTYGGNCAYCCNGARGTNTA$	TNB_IIIB1	5	TNB_IIIB	This paper; original unpublished data
IIIB2	2	>TNB_IIIB2;^GGWACWGGWTGAACWGTWTAYCCYCC...TGRTTYTTYGGNCAYCCNGARGTNTA$	TNB_IIIB2	5	TNB_IIIB	This paper; original unpublished data
IIIB3	2	>TNB_IIIB3;^GGWACWGGWTGAACWGTWTAYCCYCC...TGRTTYTTYGGNCAYCCNGARGTNTA$	TNB_IIIB3	5	TNB_IIIB	This paper; original unpublished data
SRR9855400	2	>ALA_A1;^GGWACWGGWTGAACWGTWTAYCCYCC...TGRTTYTTYGGNCAYCCNGARGTNTA$	ALA_A1	6	ALA_A1	Pearman_etal_2020
SRR9855393	2	>ALA_A2;^GGWACWGGWTGAACWGTWTAYCCYCC...TGRTTYTTYGGNCAYCCNGARGTNTA$	ALA_A2	6	ALA_A2	Pearman_etal_2020
SRR9855402	2	>ALA_A3;^GGWACWGGWTGAACWGTWTAYCCYCC...TGRTTYTTYGGNCAYCCNGARGTNTA$	ALA_A3	6	ALA_A3	Pearman_etal_2020
SRR9855459	2	>CAS_A1;^GGWACWGGWTGAACWGTWTAYCCYCC...TGRTTYTTYGGNCAYCCNGARGTNTA$	CAS_A1	7	CAS_A1	Pearman_etal_2020
SRR9855456	2	>CAS_A2;^GGWACWGGWTGAACWGTWTAYCCYCC...TGRTTYTTYGGNCAYCCNGARGTNTA$	CAS_A2	7	CAS_A2	Pearman_etal_2020
SRR9855453	2	>CAS_A3;^GGWACWGGWTGAACWGTWTAYCCYCC...TGRTTYTTYGGNCAYCCNGARGTNTA$	CAS_A3	7	CAS_A3	Pearman_etal_2020
SRR9855518	2	>CHE_A2;^GGWACWGGWTGAACWGTWTAYCCYCC...TGRTTYTTYGGNCAYCCNGARGTNTA$	CHE_A2	6	CHE_A2	Pearman_etal_2020
SRR9855517	2	>CHE_A3;^GGWACWGGWTGAACWGTWTAYCCYCC...TGRTTYTTYGGNCAYCCNGARGTNTA$	CHE_A3	6	CHE_A3	Pearman_etal_2020
SRR9855512	2	>DS_A1;^GGWACWGGWTGAACWGTWTAYCCYCC...TGRTTYTTYGGNCAYCCNGARGTNTA$	DS_A1	8	DS_A1	Pearman_etal_2020
SRR9855499	2	>DS_A2;^GGWACWGGWTGAACWGTWTAYCCYCC...TGRTTYTTYGGNCAYCCNGARGTNTA$	DS_A2	8	DS_A2	Pearman_etal_2020
SRR9855502	2	>DS_A3;^GGWACWGGWTGAACWGTWTAYCCYCC...TGRTTYTTYGGNCAYCCNGARGTNTA$	DS_A3	8	DS_A3	Pearman_etal_2020
SRR9855496	2	>ELV_A1;^GGWACWGGWTGAACWGTWTAYCCYCC...TGRTTYTTYGGNCAYCCNGARGTNTA$	ELV_A1	7	ELV_A1	Pearman_etal_2020
SRR9855497	2	>ELV_A2;^GGWACWGGWTGAACWGTWTAYCCYCC...TGRTTYTTYGGNCAYCCNGARGTNTA$	ELV_A2	7	ELV_A2	Pearman_etal_2020
SRR9855407	2	>ELV_A3;^GGWACWGGWTGAACWGTWTAYCCYCC...TGRTTYTTYGGNCAYCCNGARGTNTA$	ELV_A3	7	ELV_A3	Pearman_etal_2020
SRR9855406	2	>JS1_A1;^GGWACWGGWTGAACWGTWTAYCCYCC...TGRTTYTTYGGNCAYCCNGARGTNTA$	JS1_A1	9	JS1_A1	Pearman_etal_2020
SRR9855388	2	>JS1_A2;^GGWACWGGWTGAACWGTWTAYCCYCC...TGRTTYTTYGGNCAYCCNGARGTNTA$	JS1_A2	9	JS1_A2	Pearman_etal_2020
SRR9855385	2	>JS1_A3;^GGWACWGGWTGAACWGTWTAYCCYCC...TGRTTYTTYGGNCAYCCNGARGTNTA$	JS1_A3	9	JS1_A3	Pearman_etal_2020
SRR9855390	2	>JS2_A1;^GGWACWGGWTGAACWGTWTAYCCYCC...TGRTTYTTYGGNCAYCCNGARGTNTA$	JS2_A1	9	JS2_A1	Pearman_etal_2020
SRR9855383	2	>JS2_A2;^GGWACWGGWTGAACWGTWTAYCCYCC...TGRTTYTTYGGNCAYCCNGARGTNTA$	JS2_A2	9	JS2_A2	Pearman_etal_2020
SRR9855443	2	>JS2_A3;^GGWACWGGWTGAACWGTWTAYCCYCC...TGRTTYTTYGGNCAYCCNGARGTNTA$	JS2_A3	9	JS2_A3	Pearman_etal_2020
SRR9855450	2	>JS3_A1;^GGWACWGGWTGAACWGTWTAYCCYCC...TGRTTYTTYGGNCAYCCNGARGTNTA$	JS3_A1	9	JS3_A1	Pearman_etal_2020
SRR9855451	2	>JS3_A2;^GGWACWGGWTGAACWGTWTAYCCYCC...TGRTTYTTYGGNCAYCCNGARGTNTA$	JS3_A2	9	JS3_A2	Pearman_etal_2020
SRR9855423	2	>JS3_A3;^GGWACWGGWTGAACWGTWTAYCCYCC...TGRTTYTTYGGNCAYCCNGARGTNTA$	JS3_A3	9	JS3_A3	Pearman_etal_2020
SRR9855428	2	>KAM_A1;^GGWACWGGWTGAACWGTWTAYCCYCC...TGRTTYTTYGGNCAYCCNGARGTNTA$	KAM_A1	6	KAM_A1	Pearman_etal_2020
SRR9855429	2	>KAM_A2;^GGWACWGGWTGAACWGTWTAYCCYCC...TGRTTYTTYGGNCAYCCNGARGTNTA$	KAM_A2	6	KAM_A2	Pearman_etal_2020
SRR9855475	2	>KAM_A3;^GGWACWGGWTGAACWGTWTAYCCYCC...TGRTTYTTYGGNCAYCCNGARGTNTA$	KAM_A3	6	KAM_A3	Pearman_etal_2020
SRR9855478	2	>KAR_A1;^GGWACWGGWTGAACWGTWTAYCCYCC...TGRTTYTTYGGNCAYCCNGARGTNTA$	KAR_A1	6	KAR_A1	Pearman_etal_2020
SRR9855481	2	>KAR_A2;^GGWACWGGWTGAACWGTWTAYCCYCC...TGRTTYTTYGGNCAYCCNGARGTNTA$	KAR_A2	6	KAR_A2	Pearman_etal_2020
SRR9855474	2	>LEK_A1;^GGWACWGGWTGAACWGTWTAYCCYCC...TGRTTYTTYGGNCAYCCNGARGTNTA$	LEK_A1	6	LEK_A1	Pearman_etal_2020
SRR9855470	2	>LEK_A2;^GGWACWGGWTGAACWGTWTAYCCYCC...TGRTTYTTYGGNCAYCCNGARGTNTA$	LEK_A2	6	LEK_A2	Pearman_etal_2020
SRR9855467	2	>LEK_A3;^GGWACWGGWTGAACWGTWTAYCCYCC...TGRTTYTTYGGNCAYCCNGARGTNTA$	LEK_A3	6	LEK_A3	Pearman_etal_2020
SRR9855464	2	>LS_A1;^GGWACWGGWTGAACWGTWTAYCCYCC...TGRTTYTTYGGNCAYCCNGARGTNTA$	LS_A1	8	LS_A1	Pearman_etal_2020
SRR9855422	2	>LS_A2;^GGWACWGGWTGAACWGTWTAYCCYCC...TGRTTYTTYGGNCAYCCNGARGTNTA$	LS_A2	8	LS_A2	Pearman_etal_2020
SRR9855417	2	>LS_A3;^GGWACWGGWTGAACWGTWTAYCCYCC...TGRTTYTTYGGNCAYCCNGARGTNTA$	LS_A3	8	LS_A3	Pearman_etal_2020
SRR9855416	2	>PAL_A1;^GGWACWGGWTGAACWGTWTAYCCYCC...TGRTTYTTYGGNCAYCCNGARGTNTA$	PAL_A1	6	PAL_A1	Pearman_etal_2020
SRR9855440	2	>PAL_A2;^GGWACWGGWTGAACWGTWTAYCCYCC...TGRTTYTTYGGNCAYCCNGARGTNTA$	PAL_A2	6	PAL_A2	Pearman_etal_2020
SRR9855441	2	>PAL_A3;^GGWACWGGWTGAACWGTWTAYCCYCC...TGRTTYTTYGGNCAYCCNGARGTNTA$	PAL_A3	6	PAL_A3	Pearman_etal_2020
SRR9855434	2	>PAS_A2;^GGWACWGGWTGAACWGTWTAYCCYCC...TGRTTYTTYGGNCAYCCNGARGTNTA$	PAS_A2	6	PAS_A2	Pearman_etal_2020
SRR9855488	2	>PAS_A3;^GGWACWGGWTGAACWGTWTAYCCYCC...TGRTTYTTYGGNCAYCCNGARGTNTA$	PAS_A3	6	PAS_A3	Pearman_etal_2020
SRR9855483	2	>RIS_A1;^GGWACWGGWTGAACWGTWTAYCCYCC...TGRTTYTTYGGNCAYCCNGARGTNTA$	RIS_A1	7	RIS_A1	Pearman_etal_2020
SRR9855486	2	>RIS_A2;^GGWACWGGWTGAACWGTWTAYCCYCC...TGRTTYTTYGGNCAYCCNGARGTNTA$	RIS_A2	7	RIS_A2	Pearman_etal_2020
SRR9855506	2	>RIS_A3;^GGWACWGGWTGAACWGTWTAYCCYCC...TGRTTYTTYGGNCAYCCNGARGTNTA$	RIS_A3	7	RIS_A3	Pearman_etal_2020
SRR9855503	2	>ZUM_A1;^GGWACWGGWTGAACWGTWTAYCCYCC...TGRTTYTTYGGNCAYCCNGARGTNTA$	ZUM_A1	6	ZUM_A1	Pearman_etal_2020
SRR9855508	2	>ZUM_A2;^GGWACWGGWTGAACWGTWTAYCCYCC...TGRTTYTTYGGNCAYCCNGARGTNTA$	ZUM_A2	6	ZUM_A2	Pearman_etal_2020
SRR9855511	2	>ZUM_A3;^GGWACWGGWTGAACWGTWTAYCCYCC...TGRTTYTTYGGNCAYCCNGARGTNTA$	ZUM_A3	6	ZUM_A3	Pearman_etal_2020
SRR7689894	3	>CG_A;^GGWACWGGWTGAACWGTWTAYCCYCC...TGRTTYTTYGGNCAYCCNGARGTNTA$	CG_A	10	CG_A	Carvalho_etal_2019
SRR7689889	3	>CG_B;^GGWACWGGWTGAACWGTWTAYCCYCC...TGRTTYTTYGGNCAYCCNGARGTNTA$	CG_B	10	CG_B	Carvalho_etal_2019
SRR7689856	3	>CG_C;^GGWACWGGWTGAACWGTWTAYCCYCC...TGRTTYTTYGGNCAYCCNGARGTNTA$	CG_C	10	CG_C	Carvalho_etal_2019
SRR7689859	3	>DR10_A;^GGWACWGGWTGAACWGTWTAYCCYCC...TGRTTYTTYGGNCAYCCNGARGTNTA$	DR10_A	10	DR10_A	Carvalho_etal_2019
SRR7689958	3	>DR10_B;^GGWACWGGWTGAACWGTWTAYCCYCC...TGRTTYTTYGGNCAYCCNGARGTNTA$	DR10_B	10	DR10_B	Carvalho_etal_2019
SRR7689843	3	>DR10_C;^GGWACWGGWTGAACWGTWTAYCCYCC...TGRTTYTTYGGNCAYCCNGARGTNTA$	DR10_C	10	DR10_C	Carvalho_etal_2019
SRR7689840	3	>DR12_A;^GGWACWGGWTGAACWGTWTAYCCYCC...TGRTTYTTYGGNCAYCCNGARGTNTA$	DR12_A	10	DR12_A	Carvalho_etal_2019
SRR7689837	3	>DR12_B;^GGWACWGGWTGAACWGTWTAYCCYCC...TGRTTYTTYGGNCAYCCNGARGTNTA$	DR12_B	10	DR12_B	Carvalho_etal_2019
SRR7689870	3	>DR12_C;^GGWACWGGWTGAACWGTWTAYCCYCC...TGRTTYTTYGGNCAYCCNGARGTNTA$	DR12_C	10	DR12_C	Carvalho_etal_2019
SRR7689947	3	>DR6_A;^GGWACWGGWTGAACWGTWTAYCCYCC...TGRTTYTTYGGNCAYCCNGARGTNTA$	DR6_A	10	DR6_A	Carvalho_etal_2019
SRR7689872	3	>DR6_B;^GGWACWGGWTGAACWGTWTAYCCYCC...TGRTTYTTYGGNCAYCCNGARGTNTA$	DR6_B	10	DR6_B	Carvalho_etal_2019
SRR7689819	3	>DR6_C;^GGWACWGGWTGAACWGTWTAYCCYCC...TGRTTYTTYGGNCAYCCNGARGTNTA$	DR6_C	10	DR6_C	Carvalho_etal_2019
SRR7689985	3	>DR7_A;^GGWACWGGWTGAACWGTWTAYCCYCC...TGRTTYTTYGGNCAYCCNGARGTNTA$	DR7_A	10	DR7_A	Carvalho_etal_2019
SRR7689986	3	>DR7_B;^GGWACWGGWTGAACWGTWTAYCCYCC...TGRTTYTTYGGNCAYCCNGARGTNTA$	DR7_B	10	DR7_B	Carvalho_etal_2019
SRR7689981	3	>DR7_C;^GGWACWGGWTGAACWGTWTAYCCYCC...TGRTTYTTYGGNCAYCCNGARGTNTA$	DR7_C	10	DR7_C	Carvalho_etal_2019
SRR7689863	3	>DR8_A;^GGWACWGGWTGAACWGTWTAYCCYCC...TGRTTYTTYGGNCAYCCNGARGTNTA$	DR8_A	10	DR8_A	Carvalho_etal_2019
SRR7689866	3	>DR8_B;^GGWACWGGWTGAACWGTWTAYCCYCC...TGRTTYTTYGGNCAYCCNGARGTNTA$	DR8_B	10	DR8_B	Carvalho_etal_2019
SRR7689869	3	>DR8_C;^GGWACWGGWTGAACWGTWTAYCCYCC...TGRTTYTTYGGNCAYCCNGARGTNTA$	DR8_C	10	DR8_C	Carvalho_etal_2019
SRR7689902	3	>DR9_A;^GGWACWGGWTGAACWGTWTAYCCYCC...TGRTTYTTYGGNCAYCCNGARGTNTA$	DR9_A	10	DR9_A	Carvalho_etal_2019
SRR7689899	3	>DR9_B;^GGWACWGGWTGAACWGTWTAYCCYCC...TGRTTYTTYGGNCAYCCNGARGTNTA$	DR9_B	10	DR9_B	Carvalho_etal_2019
SRR7689896	3	>DR9_C;^GGWACWGGWTGAACWGTWTAYCCYCC...TGRTTYTTYGGNCAYCCNGARGTNTA$	DR9_C	10	DR9_C	Carvalho_etal_2019
SRR7689903	3	>F18_A;^GGWACWGGWTGAACWGTWTAYCCYCC...TGRTTYTTYGGNCAYCCNGARGTNTA$	F18_A	11	F18_A	Carvalho_etal_2019
SRR7689915	3	>F18_B;^GGWACWGGWTGAACWGTWTAYCCYCC...TGRTTYTTYGGNCAYCCNGARGTNTA$	F18_B	11	F18_B	Carvalho_etal_2019
SRR7689922	3	>F18_C;^GGWACWGGWTGAACWGTWTAYCCYCC...TGRTTYTTYGGNCAYCCNGARGTNTA$	F18_C	11	F18_C	Carvalho_etal_2019
SRR7689923	3	>F24_A;^GGWACWGGWTGAACWGTWTAYCCYCC...TGRTTYTTYGGNCAYCCNGARGTNTA$	F24_A	11	F24_A	Carvalho_etal_2019
SRR7689935	3	>F24_B;^GGWACWGGWTGAACWGTWTAYCCYCC...TGRTTYTTYGGNCAYCCNGARGTNTA$	F24_B	11	F24_B	Carvalho_etal_2019
SRR7689940	3	>F24_C;^GGWACWGGWTGAACWGTWTAYCCYCC...TGRTTYTTYGGNCAYCCNGARGTNTA$	F24_C	11	F24_C	Carvalho_etal_2019
SRR7689822	3	>NA_A;^GGWACWGGWTGAACWGTWTAYCCYCC...TGRTTYTTYGGNCAYCCNGARGTNTA$	NA_A	10	NA_A	Carvalho_etal_2019
SRR7689823	3	>NA_B;^GGWACWGGWTGAACWGTWTAYCCYCC...TGRTTYTTYGGNCAYCCNGARGTNTA$	NA_B	10	NA_B	Carvalho_etal_2019
SRR7689820	3	>NA_C;^GGWACWGGWTGAACWGTWTAYCCYCC...TGRTTYTTYGGNCAYCCNGARGTNTA$	NA_C	10	NA_C	Carvalho_etal_2019
SRR7689821	3	>SA_A;^GGWACWGGWTGAACWGTWTAYCCYCC...TGRTTYTTYGGNCAYCCNGARGTNTA$	SA_A	10	SA_A	Carvalho_etal_2019
SRR7689850	3	>SA_B;^GGWACWGGWTGAACWGTWTAYCCYCC...TGRTTYTTYGGNCAYCCNGARGTNTA$	SA_B	10	SA_B	Carvalho_etal_2019
SRR7689849	3	>SA_C;^GGWACWGGWTGAACWGTWTAYCCYCC...TGRTTYTTYGGNCAYCCNGARGTNTA$	SA_C	10	SA_C	Carvalho_etal_2019
SRR7689848	3	>WS_A;^GGWACWGGWTGAACWGTWTAYCCYCC...TGRTTYTTYGGNCAYCCNGARGTNTA$	WS_A	10	WS_A	Carvalho_etal_2019
SRR7689841	3	>WS_B;^GGWACWGGWTGAACWGTWTAYCCYCC...TGRTTYTTYGGNCAYCCNGARGTNTA$	WS_B	10	WS_B	Carvalho_etal_2019
SRR7689877	3	>WS_C;^GGWACWGGWTGAACWGTWTAYCCYCC...TGRTTYTTYGGNCAYCCNGARGTNTA$	WS_C	10	WS_C	Carvalho_etal_2019
PM549	2	>HW_A;^GGWACWGGWTGAACWGTWTAYCCYCC...TGRTTYTTYGGNCAYCCNGARGTNTA$	HW_A	12	HW_A	Nichols_etal_2021
PM550	2	>HW_B;^GGWACWGGWTGAACWGTWTAYCCYCC...TGRTTYTTYGGNCAYCCNGARGTNTA$	HW_B	12	HW_B	Nichols_etal_2021
PM551	2	>HW_C;^GGWACWGGWTGAACWGTWTAYCCYCC...TGRTTYTTYGGNCAYCCNGARGTNTA$	HW_C	12	HW_C	Nichols_etal_2021
PM552	2	>HW_D;^GGWACWGGWTGAACWGTWTAYCCYCC...TGRTTYTTYGGNCAYCCNGARGTNTA$	HW_D	12	HW_D	Nichols_etal_2021
PM553	2	>HW_E;^GGWACWGGWTGAACWGTWTAYCCYCC...TGRTTYTTYGGNCAYCCNGARGTNTA$	HW_E	12	HW_E	Nichols_etal_2021
PM554	2	>HW_F;^GGWACWGGWTGAACWGTWTAYCCYCC...TGRTTYTTYGGNCAYCCNGARGTNTA$	HW_F	12	HW_F	Nichols_etal_2021
ERR4018468	2	>VH1_2019;^GGWACWGGWTGAACWGTWTAYCCYCC...TGRTTYTTYGGNCAYCCNGARGTNTA$	VH1_2019	13	VH1_2019	arms_mbon
ERR4914105	3	>VH1_2020;^GGWACWGGWTGAACWGTWTAYCCYCC...TGRTTYTTYGGNCAYCCNGARGTNTA$	VH1_2020	14	VH1_2020	arms_mbon
ERR4914108	3	>VH3_2020;^GGWACWGGWTGAACWGTWTAYCCYCC...TGRTTYTTYGGNCAYCCNGARGTNTA$	VH3_2020	14	VH3_2020	arms_mbon
ERR4914111	3	>VH2;^GGWACWGGWTGAACWGTWTAYCCYCC...TGRTTYTTYGGNCAYCCNGARGTNTA$	VH2	14	VH2	arms_mbon
ERR7125561	3	>1HERP;^GGWACWGGWTGAACWGTWTAYCCYCC...TGRTTYTTYGGNCAYCCNGARGTNTA$	1HERP	15	1HERP	arms_mbon
ERR7125579	3	>2UBPC;^GGWACWGGWTGAACWGTWTAYCCYCC...TGRTTYTTYGGNCAYCCNGARGTNTA$	2UBPC	15	2UBPC	arms_mbon
ERR7125601	3	>BasBloS1;^GGWACWGGWTGAACWGTWTAYCCYCC...TGRTTYTTYGGNCAYCCNGARGTNTA$	BasBloS1	16	BasBloS1	arms_mbon
ERR7125616	3	>BasBloS3;^GGWACWGGWTGAACWGTWTAYCCYCC...TGRTTYTTYGGNCAYCCNGARGTNTA$	BasBloS3	16	BasBloS3	arms_mbon
ERR7125637	2	>BasBloS2;^GGWACWGGWTGAACWGTWTAYCCYCC...TGRTTYTTYGGNCAYCCNGARGTNTA$	BasBloS2	16	BasBloS2	arms_mbon
ERR7127589	3	>Laeso1;^GGWACWGGWTGAACWGTWTAYCCYCC...TGRTTYTTYGGNCAYCCNGARGTNTA$	Laeso1	17	Laeso1	arms_mbon
ERR7127595	3	>Laeso2;^GGWACWGGWTGAACWGTWTAYCCYCC...TGRTTYTTYGGNCAYCCNGARGTNTA$	Laeso2	17	Laeso2	arms_mbon
ERR7127604	3	>Laeso3;^GGWACWGGWTGAACWGTWTAYCCYCC...TGRTTYTTYGGNCAYCCNGARGTNTA$	Laeso3	17	Laeso3	arms_mbon
ERR7127610	2	>VH3_2019;^GGWACWGGWTGAACWGTWTAYCCYCC...TGRTTYTTYGGNCAYCCNGARGTNTA$	VH3_2019	18	VH3_2019	arms_mbon
ERR7127625	2	>Katza1;^GGWACWGGWTGAACWGTWTAYCCYCC...TGRTTYTTYGGNCAYCCNGARGTNTA$	Katza1	19	Katza1	arms_mbon
ERR7127628	2	>Katza2;^GGWACWGGWTGAACWGTWTAYCCYCC...TGRTTYTTYGGNCAYCCNGARGTNTA$	Katza2	19	Katza2	arms_mbon
ERR7127631	2	>NR1;^GGWACWGGWTGAACWGTWTAYCCYCC...TGRTTYTTYGGNCAYCCNGARGTNTA$	NR1	19	NR1	arms_mbon
ERR7127634	2	>NR2;^GGWACWGGWTGAACWGTWTAYCCYCC...TGRTTYTTYGGNCAYCCNGARGTNTA$	NR2	19	NR2	arms_mbon
ERR7127660	2	>Svalb1;^GGWACWGGWTGAACWGTWTAYCCYCC...TGRTTYTTYGGNCAYCCNGARGTNTA$	Svalb1	20	Svalb1	arms_mbon
ERR7127662	2	>Svalb2;^GGWACWGGWTGAACWGTWTAYCCYCC...TGRTTYTTYGGNCAYCCNGARGTNTA$	Svalb2	20	Svalb2	arms_mbon
ERR9632089	2	>GStraB;^GGWACWGGWTGAACWGTWTAYCCYCC...TGRTTYTTYGGNCAYCCNGARGTNTA$	GStraB	21	GStraB	arms_mbon
ERR9632092	2	>GStraM;^GGWACWGGWTGAACWGTWTAYCCYCC...TGRTTYTTYGGNCAYCCNGARGTNTA$	GStraM	21	GStraM	arms_mbon
ERR9632098	2	>Green33;^GGWACWGGWTGAACWGTWTAYCCYCC...TGRTTYTTYGGNCAYCCNGARGTNTA$	Green33	21	Green33	arms_mbon
ERR9632101	2	>Red2;^GGWACWGGWTGAACWGTWTAYCCYCC...TGRTTYTTYGGNCAYCCNGARGTNTA$	Red2	21	Red2	arms_mbon
